channel_0,sample #,type
0.4533137734656065,6224077,NC
0.36308933676399313,6224078,NC
0.2228688808384257,6224079,NC
0.08765241789273642,6224080,NC
-0.06256004009028292,6224081,NC
-0.2427684813495441,6224082,NC
-0.4229728943463138,6224083,NC
-0.5581732677648521,6224084,NC
-0.6483695905130389,6224085,NC
-0.7335618517229884,6224086,NC
-0.7737500407516498,6224087,NC
-0.7539341471813977,6224088,NC
-0.7441141608206076,6224089,NC
-0.7592900717042206,6224090,NC
-0.7694618700942952,6224091,NC
-0.7896295464805466,6224092,NC
-0.7947930915808721,6224093,NC
-0.7549524963418659,6224094,NC
-0.7101077519393199,6224095,NC
-0.6552588497787123,6224096,NC
-0.5904057814956833,6224097,NC
-0.5205485389564983,6224098,NC
-0.4756871142584978,6224099,NC
-0.4558214997305351,6224100,NC
-0.445951687933401,6224101,NC
-0.44107767166023565,6224102,NC
-0.4161994439369272,6224103,NC
-0.38131699802249813,6224104,NC
-0.35643032740947855,6224105,NC
-0.34653942582426583,6224106,NC
-0.3566442872274727,6224107,NC
-0.36174490581426094,6224108,NC
-0.3568412760146631,6224109,NC
-0.3369333924938904,6224110,NC
-0.33202125015262873,6224111,NC
-0.3321048441273202,6224112,NC
-0.33218416979043297,6224113,NC
-0.34725922275071697,6224114,NC
-0.3473299988534473,6224115,NC
-0.337396494180654,6224116,NC
-0.32245870505133906,6224117,NC
-0.34251662802168037,6224118,NC
-0.3575702598852219,6224119,NC
-0.3526195976730515,6224120,NC
-0.35266463865396536,6224121,NC
-0.34270538033461895,6224122,NC
-0.33774182045966505,6224123,NC
-0.33277395701187895,6224124,NC
-0.3378017882122697,6224125,NC
-0.35782531252017874,6224126,NC
-0.35784452863336524,6224127,NC
-0.3478594354880782,6224128,NC
-0.3428700322591152,6224129,NC
-0.33787631835986826,6224130,NC
-0.34787829344235616,6224131,NC
-0.35287595739724376,6224132,NC
-0.34286931035384804,6224133,NC
-0.34785835268013104,6224134,NC
-0.3378430849826794,6224135,NC
-0.3378235081066707,6224136,NC
-0.34279962313582685,6224137,NC
-0.34277143139235394,6224138,NC
-0.3427389344368692,6224139,NC
-0.3327021340683145,6224140,NC
-0.3276610323238567,6224141,NC
-0.32761563147877515,6224142,NC
-0.3325659340463354,6224143,NC
-0.3425119427776503,6224144,NC
-0.33745366066152754,6224145,NC
-0.33739109092430447,6224146,NC
-0.3223242370296692,6224147,NC
-0.327253102678469,6224148,NC
-0.31717769180850547,6224149,NC
-0.3270980085943164,6224150,NC
-0.3070140574469449,6224151,NC
-0.29692584301369485,6224152,NC
-0.2768333701778742,6224153,NC
-0.2717366440585241,6224154,NC
-0.2666356700101359,6224155,NC
-0.2665304536223545,6224156,NC
-0.2614210007196689,6224157,NC
-0.23130731736109023,6224158,NC
-0.22618940983981556,6224159,NC
-0.19606728468288034,6224160,NC
-0.20094094865079648,6224161,NC
-0.1958104087371783,6224162,NC
-0.19067567216835563,6224163,NC
-0.17053674640297337,6224164,NC
-0.15539363913157883,6224165,NC
-0.15024635827619598,6224166,NC
-0.14009491198988694,6224167,NC
-0.14993930865630048,6224168,NC
-0.1497795568892082,6224169,NC
-0.12461566553202741,6224170,NC
-0.13444764365733178,6224171,NC
-0.10927550056634906,6224172,NC
-0.10909924578844607,6224173,NC
-0.1089188890806014,6224174,NC
-0.0937344404268651,6224175,NC
-0.08354591003780608,6224176,NC
-0.07335330834994688,6224177,NC
-0.05815664602518589,6224178,NC
-0.06295593395020717,6224179,NC
-0.0727511832358778,6224180,NC
-0.06254240521663279,6224181,NC
-0.04732961144984763,6224182,NC
-0.017112813715198592,6224183,NC
-0.02189202401401044,6224184,NC
-0.026667254568592313,6224185,NC
-0.021438517821561004,6224186,NC
-0.01120582643515211,6224187,NC
-0.015969193290519247,6224188,NC
-0.0007286314870208199,6224189,NC
0.004515845658504963,6224190,NC
-0.005235775387522623,6224191,NC
-0.009983508374677569,6224192,NC
-0.004727367267766236,6224193,NC
0.0005326337539459935,6224194,NC
0.015796480297519372,6224195,NC
0.0010641577571367244,6224196,NC
-0.0036643486850880536,6224197,NC
-0.028389054058289766,6224198,NC
-0.028109973602019937,6224199,NC
-0.032827122765403116,6224200,NC
-0.027540517206281763,6224201,NC
-0.03225017279034943,6224202,NC
-0.041956105590272415,6224203,NC
-0.07665833188480012,6224204,NC
-0.07635686815786391,6224205,NC
-0.07105173109766447,6224206,NC
-0.06574293759574816,6224207,NC
-0.0804305047460718,6224208,NC
-0.09511444984405654,6224209,NC
-0.1147947903856304,6224210,NC
-0.11947154406625951,6224211,NC
-0.10414472877996897,6224212,NC
-0.09381436261835191,6224213,NC
-0.11348046386956813,6224214,NC
-0.1281430510173318,6224215,NC
-0.137802142739888,6224216,NC
-0.14745775790897914,6224217,NC
-0.1571099155887999,6224218,NC
-0.146758635034942,6224219,NC
-0.1464039356933284,6224220,NC
-0.14604583719913672,6224221,NC
-0.16068435937571218,6224222,NC
-0.16531952223347046,6224223,NC
-0.15995134596878988,6224224,NC
-0.15957985096289323,6224225,NC
-0.16420505778071978,6224226,NC
-0.17882698716978682,6224227,NC
-0.18844566005904084,6224228,NC
-0.20306109755769938,6224229,NC
-0.18267332095408215,6224230,NC
-0.18228235171443274,6224231,NC
-0.18688821148173035,6224232,NC
-0.1914909220744916,6224233,NC
-0.19609050548556253,6224234,NC
-0.18568698388090152,6224235,NC
-0.16528037959835204,6224236,NC
-0.14987071514640615,6224237,NC
-0.1394580132029583,6224238,NC
-0.1390422966140502,6224239,NC
-0.14362358839260608,6224240,NC
-0.14820191171715855,6224241,NC
-0.1377772899305657,6224242,NC
-0.132349746538719,6224243,NC
-0.12691930520924166,6224244,NC
-0.13648598977017895,6224245,NC
-0.12604982420867888,6224246,NC
-0.12561083266966427,6224247,NC
-0.10016903945449637,6224248,NC
-0.08472446901962952,6224249,NC
-0.06927714597525712,6224250,NC
-0.07382709508394963,6224251,NC
-0.07337434125928358,6224252,NC
-0.06291890956446228,6224253,NC
-0.05246082521092864,6224254,NC
-0.052000113556969464,6224255,NC
-0.056536800106311694,6224256,NC
-0.07107091050671054,6224257,NC
-0.09060247054852957,6224258,NC
-0.09513150616331346,6224259,NC
-0.08465804342235189,6224260,NC
-0.06418210853523683,6224261,NC
-0.07370372784841146,6224262,NC
-0.0832229278437115,6224263,NC
-0.08273973513689963,6224264,NC
-0.09725417647619189,6224265,NC
-0.09176627874077684,6224266,NC
-0.09627606893932796,6224267,NC
-0.11578357420850832,6224268,NC
-0.1652888218114682,6224269,NC
-0.2197918391363362,6224270,NC
-0.24429265369470307,6224271,NC
-0.2587912931200984,6224272,NC
-0.2682877851664613,6224273,NC
-0.29778215770660377,6224274,NC
-0.31727443873066785,6224275,NC
-0.3517646563445763,6224276,NC
-0.3562528387684764,6224277,NC
-0.34073901433517795,6224278,NC
-0.34022321148858486,6224279,NC
-0.3497054587821206,6224280,NC
-0.36418578487714753,6224281,NC
-0.37366421854138004,6224282,NC
-0.3731407886472925,6224283,NC
-0.35761552417052067,6224284,NC
-0.3420884541882577,6224285,NC
-0.35655960787764457,6224286,NC
-0.351029014514155,6224287,NC
-0.37049670346997454,6224288,NC
-0.364962704212375,6224289,NC
-0.3444270463020829,6224290,NC
-0.33388975939164317,6224291,NC
-0.33335087322377793,6224292,NC
-0.34781041762973963,6224293,NC
-0.35726842252765967,6224294,NC
-0.3517249179208926,6224295,NC
-0.35117993389635493,6224296,NC
-0.3406335006228596,6224297,NC
-0.335085648349446,6224298,NC
-0.3445364074037055,6224299,NC
-0.35898580819010256,6224300,NC
-0.3534338811882914,6224301,NC
-0.3378806569514291,6224302,NC
-0.3223261661044842,6224303,NC
-0.326770439342541,6224304,NC
-0.32621350742910094,6224305,NC
-0.34065540119437915,6224306,NC
-0.3350961515335979,6224307,NC
-0.31953578940527644,6224308,NC
-0.3139743458295174,6224309,NC
-0.30841185188628883,6224310,NC
-0.3128483387137047,6224311,NC
-0.32728383750630063,6224312,NC
-0.32171837951330684,6224313,NC
-0.3061519960369188,6224314,NC
-0.30058471843056406,6224315,NC
-0.2950165780971671,6224316,NC
-0.30444760648741,6224317,NC
-0.3138778350979925,6224318,NC
-0.3033072954698877,6224319,NC
-0.2977360191865963,6224320,NC
-0.29716403787239826,6224321,NC
-0.30659138319060214,6224322,NC
-0.32601808684179207,6224323,NC
-0.36044418056207334,6224324,NC
-0.37486969612131527,6224325,NC
-0.3792946653213924,6224326,NC
-0.3687191199944244,6224327,NC
-0.34314309200101384,6224328,NC
-0.28756661322848204,6224329,NC
-0.16198971558910435,6224330,NC
-0.011412431018343706,6224331,NC
0.13916520852691794,6224332,NC
0.2797431710701479,6224333,NC
0.4003214246169335,6224334,NC
0.4808999371567525,6224335,NC
0.5764786766647458,6224336,NC
0.7570576111034902,6224337,NC
0.9176367084247712,6224338,NC
1.0982159365713577,6224339,NC
1.2587952634787767,6224340,NC
1.3893746570770875,6224341,NC
1.4899540852926587,6224342,NC
1.5505335160499416,6224343,NC
1.5761129172732466,6224344,NC
1.5916922568885201,6224345,L
1.5622715028251182,6224346,NC
1.4678506230175825,6224347,NC
1.2734295854074165,6224348,NC
1.0640083579448583,6224349,NC
0.874586908590656,6224350,NC
0.7301652053178411,6224351,NC
0.5657432161135013,6224352,NC
0.3913209089805524,6224353,NC
0.1868982519395102,6224354,NC
-0.027524786969739413,6224355,NC
-0.24194823968617202,6224356,NC
-0.4163721381258554,6224357,NC
-0.5607965141801834,6224358,NC
-0.7102213997141109,6224359,NC
-0.8596468265643887,6224360,NC
-0.9490728265378023,6224361,NC
-1.0134994314094106,6224362,NC
-1.0479266729207872,6224363,NC
-1.052354582778262,6224364,NC
-1.0467831926511688,6224365,NC
-1.0512125341700893,6224366,NC
-1.0306426389251033,6224367,NC
-1.0250735384640408,6224368,NC
-1.0095052642907338,6224369,NC
-0.9839378478632741,6224370,NC
-0.9533713205922701,6224371,NC
-0.9078057138391101,6224372,NC
-0.8672410589142241,6224373,NC
-0.8216773870753518,6224374,NC
-0.7961147295258122,6224375,NC
-0.7605531174127762,6224376,NC
-0.7599925818255413,6224377,NC
-0.7494331537938126,6224378,NC
-0.7038748642859832,6224379,NC
-0.6683177442074212,6224380,NC
-0.6527618243987581,6224381,NC
-0.6322071356341813,6224382,NC
-0.6166537086197318,6224383,NC
-0.616101573991603,6224384,NC
-0.6155507623144459,6224385,NC
-0.600001304079676,6224386,NC
-0.5794532297037862,6224387,NC
-0.588906569526663,6224388,NC
-0.6083613538099063,6224389,NC
-0.6178176127351551,6224390,NC
-0.6172753764024163,6224391,NC
-0.6167346748283978,6224392,NC
-0.6161955379448482,6224393,NC
-0.6206579955968987,6224394,NC
-0.6201220775414118,6224395,NC
-0.6295878134453333,6224396,NC
-0.6390552328840506,6224397,NC
-0.633524365339755,6224398,NC
-0.63299524019981,6224399,NC
-0.6474678867551248,6224400,NC
-0.6469423341985318,6224401,NC
-0.6614186116231713,6224402,NC
-0.6608967480208815,6224403,NC
-0.6653767722805924,6224404,NC
-0.6548587131867273,6224405,NC
-0.6643425994176091,6224406,NC
-0.6788284595438734,6224407,NC
-0.6883163220268856,6224408,NC
-0.6728062152171669,6224409,NC
-0.6722981673528237,6224410,NC
-0.661792206557985,6224411,NC
-0.6712883608412453,6224412,NC
-0.6807866580941145,6224413,NC
-0.6802871260894733,6224414,NC
-0.684789792480036,6224415,NC
-0.6742946847968203,6224416,NC
-0.6688018304476221,6224417,NC
-0.6633112567154995,6224418,NC
-0.6828229907572617,6224419,NC
-0.6673370596019659,6224420,NC
-0.6768534901494209,6224421,NC
-0.6563723091686984,6224422,NC
-0.6358935432966509,6224423,NC
-0.635417219036437,6224424,NC
-0.6349433627560542,6224425,NC
-0.63947200068688,6224426,NC
-0.6140031589222187,6224427,NC
-0.6035368634158577,6224428,NC
-0.5780731399806307,6224429,NC
-0.5676120142869885,6224430,NC
-0.5721535118615779,6224431,NC
-0.5616976580858294,6224432,NC
-0.5562444781945507,6224433,NC
-0.5257939972745312,6224434,NC
-0.5053462402631529,6224435,NC
-0.494901231947009,6224436,NC
-0.4844589969605331,6224437,NC
-0.4790195597846346,6224438,NC
-0.46358294474534417,6224439,NC
-0.44314917601246634,6224440,NC
-0.4177182775982422,6224441,NC
-0.3972902733560202,6224442,NC
-0.3868651869789346,6224443,NC
-0.38644304199859564,6224444,NC
-0.37102386178378527,6224445,NC
-0.3456076695391645,6224446,NC
-0.32519448830398845,6224447,NC
-0.30478434095083107,6224448,NC
-0.294377250184319,6224449,NC
-0.2889732385398746,6224450,NC
-0.26857232838246875,6224451,NC
-0.25817454190538214,6224452,NC
-0.21277990112897754,6224453,NC
-0.21238842789948018,6224454,NC
-0.19200014388776862,6224455,NC
-0.1916150705881753,6224456,NC
-0.18623322931729627,6224457,NC
-0.16585464121281157,6224458,NC
-0.1404793272323147,6224459,NC
-0.12510730815215293,6224460,NC
-0.11973860456627677,6224461,NC
-0.1243732368851001,6224462,NC
-0.11401122533437047,6224463,NC
-0.09865258995404917,6224464,NC
-0.08829735059720194,6224465,NC
-0.08294552692890017,6224466,NC
-0.06759713842513217,6224467,NC
-0.0872522043717248,6224468,NC
-0.07691074386327632,6224469,NC
-0.06157277580209897,6224470,NC
-0.05623831889717275,6224471,NC
-0.0659073916631098,6224472,NC
-0.06558001241912938,6224473,NC
-0.08525619928804375,6224474,NC
-0.08493597019525499,6224475,NC
-0.07961934286776289,6224476,NC
-0.06930633483318324,6224477,NC
-0.0689969634187777,6224478,NC
-0.08369124575049494,6224479,NC
-0.09338919875202206,6224480,NC
-0.09309083914384812,6224481,NC
-0.09779618344233845,6224482,NC
-0.08750524795882021,6224483,NC
-0.10221804879867959,6224484,NC
-0.11693460186047024,6224485,NC
-0.13165492283503322,6224486,NC
-0.12137902720462812,6224487,NC
-0.12110693024207646,6224488,NC
-0.10083864700991585,6224489,NC
-0.10057419235956626,6224490,NC
-0.10531358093050797,6224491,NC
-0.11005682714947126,6224492,NC
-0.11480394522963745,6224493,NC
-0.09955494916985234,6224494,NC
-0.09930985275385137,6224495,NC
-0.10406866954949624,6224496,NC
-0.10883141290802426,6224497,NC
-0.12859809596330896,6224498,NC
-0.12836873163113294,6224499,NC
-0.12314333260847336,6224500,NC
-0.11792191137279866,6224501,NC
-0.1227044801813779,6224502,NC
-0.12249105107060233,6224503,NC
-0.11728163585531907,6224504,NC
-0.0920762461281771,6224505,NC
-0.08187489325898532,6224506,NC
-0.07167758839408345,6224507,NC
-0.08648434245572484,6224508,NC
-0.10129516614147174,6224509,NC
-0.1011100699236034,6224510,NC
-0.09592906404853609,6224511,NC
-0.11075215853625589,6224512,NC
-0.10057936317976428,6224513,NC
-0.1154106875445358,6224514,NC
-0.12524614096798847,6224515,NC
-0.13008573255896708,6224516,NC
-0.12992947119723897,6224517,NC
-0.13477736553300218,6224518,NC
-0.12962942398640695,6224519,NC
-0.11948565474708943,6224520,NC
-0.11434606577371825,6224521,NC
-0.1442106647935541,6224522,NC
-0.13907945930202198,6224523,NC
-0.1489524565622961,6224524,NC
-0.16882966360489793,6224525,NC
-0.20371108722730713,6224526,NC
-0.24359673399358492,6224527,NC
-0.278486610234011,6224528,NC
-0.29338072204473326,6224529,NC
-0.30327907528742976,6224530,NC
-0.31318167558898474,6224531,NC
-0.3330885283411769,6224532,NC
-0.3529996387003812,6224533,NC
-0.37791501158728297,6224534,NC
-0.3778346516866059,6224535,NC
-0.37275856344685243,6224536,NC
-0.3726867510800579,6224537,NC
-0.3726192185615567,6224538,NC
-0.3725559696297631,6224539,NC
-0.38249700778596346,6224540,NC
-0.3774423362941228,6224541,NC
-0.37739195818070437,6224542,NC
-0.37734587623450144,6224543,NC
-0.36730409300648353,6224544,NC
-0.37226661080965506,6224545,NC
-0.382233431718927,6224546,NC
-0.38720455757100236,6224547,NC
-0.3671799899642743,6224548,NC
-0.3671597302587379,6224549,NC
-0.3521437795759145,6224550,NC
-0.3621321387987899,6224551,NC
-0.3621248085717656,6224552,NC
-0.3571217893006226,6224553,NC
-0.35212308115249946,6224554,NC
-0.3421286840558828,6224555,NC
-0.34213859770061145,6224556,NC
-0.35215282153789323,6224557,NC
-0.35717135478033585,6224558,NC
-0.36219419640198997,6224559,NC
-0.3422213451384065,6224560,NC
-0.3322527994867062,6224561,NC
-0.33728855770566313,6224562,NC
-0.3423286178158008,6224563,NC
-0.36737297759950205,6224564,NC
-0.3624216346011314,6224565,NC
-0.3324745861271716,6224566,NC
-0.32753182924637214,6224567,NC
-0.32259336078991163,6224568,NC
-0.32265917735157357,6224569,NC
-0.3377292752879345,6224570,NC
-0.337803650718566,6224571,NC
-0.32788229952624937,6224572,NC
-0.30796521735720334,6224573,NC
-0.29805239962132546,6224574,NC
-0.31314384149244595,6224575,NC
-0.31323953790859493,6224576,NC
-0.3233394835722827,6224577,NC
-0.3084436729507929,6224578,NC
-0.2835521002764887,6224579,NC
-0.2986647595471324,6224580,NC
-0.29378164452621736,6224581,NC
-0.3089027487433135,6224582,NC
-0.3140280654944252,6224583,NC
-0.3091575878423626,6224584,NC
-0.3192913086171256,6224585,NC
-0.33442922041630085,6224586,NC
-0.3495713156054715,6224587,NC
-0.37971758631863956,6224588,NC
-0.3698680244586617,6224589,NC
-0.33502262169769714,6224590,NC
-0.2701813694776691,6224591,NC
-0.14534425901073822,6224592,NC
-0.010511281279788925,6224593,NC
0.12931757296107102,6224594,NC
0.2741423131859989,6224595,NC
0.4139629490968928,6224596,NC
0.518779490622854,6224597,NC
0.5935919479196378,6224598,NC
0.7034003313690912,6224599,NC
0.8032046515785782,6224600,NC
0.9580049193803923,6224601,NC
1.0928011458311575,6224602,NC
1.2225933422112154,6224603,NC
1.352381520024002,6224604,NC
1.4521656909954086,6224605,NC
1.506945867073136,6224606,NC
1.53172206042603,6224607,NC
1.5414942834434096,6224608,L
